test-1	True	False
test-2	True	False
test-3	True	False
test-4	True	False
test-5	True	False
test-6	True	False
test-7	True	False
test-8	True	False
test-9	True	False
test-10	True	False
test-11	True	False
test-12	True	False
test-13	True	False
test-14	True	False
test-15	True	False
test-16	True	False
test-17	True	False
test-18	True	False
test-19	True	False
test-20	True	False
test-21	True	False
test-22	True	False
test-23	True	False
test-24	True	False
test-25	True	False
test-26	True	False
test-27	True	False
test-28	True	False
test-29	True	False
test-30	True	False
test-31	True	False
test-32	True	False
test-33	True	False
test-34	True	False
test-35	True	False
test-36	True	False
test-37	True	False
test-38	True	False
test-39	True	False
test-40	True	False
test-41	True	False
test-42	True	False
test-43	True	False
test-44	True	False
test-45	True	False
test-46	True	False
test-47	True	False
test-48	True	False
test-49	True	False
test-50	True	False
test-51	True	False
test-52	True	False
test-53	True	False
test-54	True	False
test-55	True	False
test-56	True	False
test-57	True	False
test-58	True	False
test-59	True	False
test-60	True	False
test-61	True	False
test-62	True	False
test-63	True	False
test-64	True	False
test-65	True	False
test-66	True	False
test-67	True	False
test-68	True	False
test-69	True	False
test-70	True	False
test-71	True	False
test-72	True	False
test-73	True	False
test-74	True	False
test-75	True	False
test-76	True	False
test-77	True	False
test-78	True	False
test-79	True	False
test-80	True	False
test-81	True	False
test-82	True	False
test-83	True	False
test-84	True	False
test-85	True	False
test-86	True	False
test-87	True	False
test-88	True	False
test-89	True	False
test-90	True	False
test-91	True	False
test-92	True	False
test-93	True	False
test-94	True	False
test-95	True	False
test-96	True	False
test-97	True	False
test-98	True	False
test-99	True	False
test-100	True	False
test-101	True	False
test-102	True	False
test-103	True	False
test-104	True	False
test-105	True	False
test-106	True	False
test-107	True	False
test-108	True	False
test-109	True	False
test-110	True	False
test-111	True	False
test-112	True	False
test-113	True	False
test-114	True	False
test-115	True	False
test-116	True	False
test-117	True	False
test-118	True	False
test-119	True	False
test-120	True	False
test-121	True	False
test-122	True	False
test-123	True	False
test-124	True	False
test-125	True	False
test-126	True	False
test-127	True	False
test-128	True	False
test-129	True	False
test-130	True	False
test-131	True	False
test-132	True	False
test-133	True	False
test-134	True	False
test-135	True	False
test-136	True	False
test-137	True	False
test-138	True	False
test-139	True	False
test-140	True	False
test-141	True	False
test-142	True	False
test-143	True	False
test-144	True	False
test-145	True	False
test-146	True	False
test-147	True	False
test-148	True	False
test-149	True	False
test-150	True	False
test-151	True	False
test-152	True	False
test-153	True	False
test-154	True	False
test-155	True	False
test-156	True	False
test-157	True	False
test-158	True	False
test-159	True	False
test-160	True	False
test-161	True	False
test-162	True	False
test-163	True	False
test-164	True	False
test-165	True	False
test-166	True	False
test-167	True	False
test-168	True	False
test-169	True	False
test-170	True	False
test-171	True	False
test-172	True	False
test-173	True	False
test-174	True	False
test-175	True	False
test-176	True	False
test-177	True	False
test-178	True	False
test-179	True	False
test-180	True	False
test-181	True	False
test-182	True	False
test-183	True	False
test-184	True	False
test-185	True	False
test-186	True	False
test-187	True	False
test-188	True	False
test-189	True	False
test-190	True	False
test-191	True	False
test-192	True	False
test-193	True	False
test-194	True	False
test-195	True	False
test-196	True	False
test-197	True	False
test-198	True	False
test-199	True	False
test-200	True	False
test-201	True	False
test-202	True	False
test-203	True	False
test-204	True	False
test-205	True	False
test-206	True	False
test-207	True	False
test-208	True	False
test-209	True	False
test-210	True	False
test-211	True	False
test-212	True	False
test-213	True	False
test-214	True	False
test-215	True	False
test-216	True	False
test-217	True	False
test-218	True	False
test-219	True	False
test-220	True	False
test-221	True	False
test-222	True	False
test-223	True	False
test-224	True	False
test-225	True	False
test-226	True	False
test-227	True	False
test-228	True	False
test-229	True	False
test-230	True	False
test-231	True	False
test-232	True	False
test-233	True	False
test-234	True	False
test-235	True	False
test-236	True	False
test-237	True	False
test-238	True	False
test-239	True	False
test-240	True	False
test-241	True	False
test-242	True	False
test-243	True	False
test-244	True	False
test-245	True	False
test-246	True	False
test-247	True	False
test-248	True	False
test-249	True	False
test-250	True	False
test-251	True	False
test-252	True	False
test-253	True	False
test-254	True	False
test-255	True	False
test-256	True	False
test-257	True	False
test-258	True	False
test-259	True	False
test-260	True	False
test-261	True	False
test-262	True	False
test-263	True	False
test-264	True	False
test-265	True	False
test-266	True	False
test-267	True	False
test-268	True	False
test-269	True	False
test-270	True	False
test-271	True	False
test-272	True	False
test-273	True	False
test-274	True	False
test-275	True	False
test-276	True	False
test-277	True	False
test-278	True	False
test-279	True	False
test-280	True	False
test-281	True	False
test-282	True	False
test-283	True	False
test-284	True	False
test-285	True	False
test-286	True	False
test-287	True	False
test-288	True	False
test-289	True	False
test-290	True	False
test-291	True	False
test-292	True	False
test-293	True	False
test-294	True	False
test-295	True	False
test-296	True	False
test-297	True	False
test-298	True	False
test-299	True	False
test-300	True	False
test-301	True	False
test-302	True	False
test-303	True	False
test-304	True	False
test-305	True	False
test-306	True	False
test-307	True	False
test-308	True	False
test-309	True	False
test-310	True	False
test-311	True	False
test-312	True	False
test-313	True	False
test-314	True	False
test-315	True	False
test-316	True	False
test-317	True	False
test-318	True	False
test-319	True	False
test-320	True	False
test-321	True	False
test-322	True	False
test-323	True	False
test-324	True	False
test-325	True	False
test-326	True	False
test-327	True	False
test-328	True	False
test-329	True	False
test-330	True	False
test-331	True	False
test-332	True	False
test-333	True	False
test-334	True	False
test-335	True	False
test-336	True	False
test-337	True	False
test-338	True	False
test-339	True	False
test-340	True	False
test-341	True	False
test-342	True	False
test-343	True	False
test-344	True	False
test-345	True	False
test-346	True	False
test-347	True	False
test-348	True	False
test-349	True	False
test-350	True	False
test-351	True	False
test-352	True	False
test-353	True	False
test-354	True	False
test-355	True	False
test-356	True	False
test-357	True	False
test-358	True	False
test-359	True	False
test-360	True	False
test-361	True	False
test-362	True	False
test-363	True	False
test-364	True	False
test-365	True	False
test-366	True	False
test-367	True	False
test-368	True	False
test-369	True	False
test-370	True	False
test-371	True	False
test-372	True	False
test-373	True	False
test-374	True	False
test-375	True	False
test-376	True	False
test-377	True	False
test-378	True	False
test-379	True	False
test-380	True	False
test-381	True	False
test-382	True	False
test-383	True	False
test-384	True	False
test-385	True	False
test-386	True	False
test-387	True	False
test-388	True	False
test-389	True	False
test-390	True	False
test-391	True	False
test-392	True	False
test-393	True	False
test-394	True	False
test-395	True	False
test-396	True	False
test-397	True	False
test-398	True	False
test-399	True	False
test-400	True	False
test-401	True	False
test-402	True	False
test-403	True	False
test-404	True	False
test-405	True	False
test-406	True	False
test-407	True	False
test-408	True	False
test-409	True	False
test-410	True	False
test-411	True	False
test-412	True	False
test-413	True	False
test-414	True	False
test-415	True	False
test-416	True	False
test-417	True	False
test-418	True	False
test-419	True	False
test-420	True	False
test-421	True	False
test-422	True	False
test-423	True	False
test-424	True	False
test-425	True	False
test-426	True	False
test-427	True	False
test-428	True	False
test-429	True	False
test-430	True	False
test-431	True	False
test-432	True	False
test-433	True	False
test-434	True	False
test-435	True	False
test-436	True	False
test-437	True	False
test-438	True	False
test-439	True	False
test-440	True	False
test-441	True	False
test-442	True	False
test-443	True	False
test-444	True	False
test-445	True	False
test-446	True	False
test-447	True	False
test-448	True	False
test-449	True	False
test-450	True	False
test-451	True	False
test-452	True	False
test-453	True	False
test-454	True	False
test-455	True	False
test-456	True	False
test-457	True	False
test-458	True	False
test-459	True	False
test-460	True	False
test-461	True	False
test-462	True	False
test-463	True	False
test-464	True	False
test-465	True	False
test-466	True	False
test-467	True	False
test-468	True	False
test-469	True	False
test-470	True	False
test-471	True	False
test-472	True	False
test-473	True	False
test-474	True	False
test-475	True	False
test-476	True	False
test-477	True	False
test-478	True	False
test-479	True	False
test-480	True	False
test-481	True	False
test-482	True	False
test-483	True	False
test-484	True	False
test-485	True	False
test-486	True	False
test-487	True	False
test-488	True	False
test-489	True	False
test-490	True	False
test-491	True	False
test-492	True	False
test-493	True	False
test-494	True	False
test-495	True	False
test-496	True	False
test-497	True	False
test-498	True	False
test-499	True	False
test-500	True	False
test-501	True	False
test-502	True	False
test-503	True	False
test-504	True	False
test-505	True	False
test-506	True	False
test-507	True	False
test-508	True	False
test-509	True	False
test-510	True	False
test-511	True	False
test-512	True	False
test-513	True	False
test-514	True	False
test-515	True	False
test-516	True	False
test-517	True	False
test-518	True	False
test-519	True	False
test-520	True	False
test-521	True	False
test-522	True	False
test-523	True	False
test-524	True	False
test-525	True	False
test-526	True	False
test-527	True	False
test-528	True	False
test-529	True	False
test-530	True	False
test-531	True	False
test-532	True	False
test-533	True	False
test-534	True	False
test-535	True	False
test-536	True	False
test-537	True	False
test-538	True	False
test-539	True	False
test-540	True	False
test-541	True	False
test-542	True	False
test-543	True	False
test-544	True	False
test-545	True	False
test-546	True	False
test-547	True	False
test-548	True	False
test-549	True	False
test-550	True	False
test-551	True	False
test-552	True	False
test-553	True	False
test-554	True	False
test-555	True	False
test-556	True	False
test-557	True	False
test-558	True	False
test-559	True	False
test-560	True	False
test-561	True	False
test-562	True	False
test-563	True	False
test-564	True	False
test-565	True	False
test-566	True	False
test-567	True	False
test-568	True	False
test-569	True	False
test-570	True	False
test-571	True	False
test-572	True	False
test-573	True	False
test-574	True	False
test-575	True	False
test-576	True	False
test-577	True	False
test-578	True	False
test-579	True	False
test-580	True	False
test-581	True	False
test-582	True	False
test-583	True	False
test-584	True	False
test-585	True	False
test-586	True	False
test-587	True	False
test-588	True	False
test-589	True	False
test-590	True	False
test-591	True	False
test-592	True	False
test-593	True	False
test-594	True	False
test-595	True	False
test-596	True	False
test-597	True	False
test-598	True	False
test-599	True	False
test-600	True	False
test-601	True	False
test-602	True	False
test-603	True	False
test-604	True	False
test-605	True	False
test-606	True	False
test-607	True	False
test-608	True	False
test-609	True	False
test-610	True	False
test-611	True	False
test-612	True	False
test-613	True	False
test-614	True	False
test-615	True	False
test-616	True	False
test-617	True	False
test-618	True	False
test-619	True	False
test-620	True	False
test-621	True	False
test-622	True	False
test-623	True	False
test-624	True	False
test-625	True	False
test-626	True	False
test-627	True	False
test-628	True	False
test-629	True	False
test-630	True	False
test-631	True	False
test-632	True	False
test-633	True	False
test-634	True	False
test-635	True	False
test-636	True	False
test-637	True	False
test-638	True	False
test-639	True	False
test-640	True	False
test-641	True	False
test-642	True	False
test-643	True	False
test-644	True	False
test-645	True	False
test-646	True	False
test-647	True	False
test-648	True	False
test-649	True	False
test-650	True	False
test-651	True	False
test-652	True	False
test-653	True	False
test-654	True	False
test-655	True	False
test-656	True	False
test-657	True	False
test-658	True	False
test-659	True	False
test-660	True	False
test-661	True	False
test-662	True	False
test-663	True	False
test-664	True	False
test-665	True	False
test-666	True	False
test-667	True	False
test-668	True	False
test-669	True	False
test-670	True	False
test-671	True	False
test-672	True	False
test-673	True	False
test-674	True	False
test-675	True	False
test-676	True	False
test-677	True	False
test-678	True	False
test-679	True	False
test-680	True	False
test-681	True	False
test-682	True	False
test-683	True	False
test-684	True	False
test-685	True	False
test-686	True	False
test-687	True	False
test-688	True	False
test-689	True	False
test-690	True	False
test-691	True	False
test-692	True	False
test-693	True	False
test-694	True	False
test-695	True	False
test-696	True	False
test-697	True	False
test-698	True	False
test-699	True	False
test-700	True	False
test-701	True	False
test-702	True	False
test-703	True	False
test-704	True	False
test-705	True	False
test-706	True	False
test-707	True	False
test-708	True	False
test-709	True	False
test-710	True	False
test-711	True	False
test-712	True	False
test-713	True	False
test-714	True	False
test-715	True	False
test-716	True	False
test-717	True	False
test-718	True	False
test-719	True	False
test-720	True	False
test-721	True	False
test-722	True	False
test-723	True	False
test-724	True	False
test-725	True	False
test-726	True	False
test-727	True	False
test-728	True	False
test-729	True	False
test-730	True	False
test-731	True	False
test-732	True	False
test-733	True	False
test-734	True	False
test-735	True	False
test-736	True	False
test-737	True	False
test-738	True	False
test-739	True	False
test-740	True	False
test-741	True	False
test-742	True	False
test-743	True	False
test-744	True	False
test-745	True	False
test-746	True	False
test-747	True	False
test-748	True	False
test-749	True	False
test-750	True	False
test-751	True	False
test-752	True	False
test-753	True	False
test-754	True	False
test-755	True	False
test-756	True	False
test-757	True	False
test-758	True	False
test-759	True	False
test-760	True	False
test-761	True	False
test-762	True	False
test-763	True	False
test-764	True	False
test-765	True	False
test-766	True	False
test-767	True	False
test-768	True	False
test-769	True	False
test-770	True	False
test-771	True	False
test-772	True	False
test-773	True	False
test-774	True	False
test-775	True	False
test-776	True	False
test-777	True	False
test-778	True	False
test-779	True	False
test-780	True	False
test-781	True	False
test-782	True	False
test-783	True	False
test-784	True	False
test-785	True	False
test-786	True	False
test-787	True	False
test-788	True	False
test-789	True	False
test-790	True	False
test-791	True	False
test-792	True	False
test-793	True	False
test-794	True	False
test-795	True	False
test-796	True	False
test-797	True	False
test-798	True	False
test-799	True	False
test-800	True	False
test-801	True	False
test-802	True	False
test-803	True	False
test-804	True	False
test-805	True	False
test-806	True	False
test-807	True	False
test-808	True	False
test-809	True	False
test-810	True	False
test-811	True	False
test-812	True	False
test-813	True	False
test-814	True	False
test-815	True	False
test-816	True	False
test-817	True	False
test-818	True	False
test-819	True	False
test-820	True	False
test-821	True	False
test-822	True	False
test-823	True	False
test-824	True	False
test-825	True	False
test-826	True	False
test-827	True	False
test-828	True	False
test-829	True	False
test-830	True	False
test-831	True	False
test-832	True	False
test-833	True	False
test-834	True	False
test-835	True	False
test-836	True	False
test-837	True	False
test-838	True	False
test-839	True	False
test-840	True	False
test-841	True	False
test-842	True	False
test-843	True	False
test-844	True	False
test-845	True	False
test-846	True	False
test-847	True	False
test-848	True	False
test-849	True	False
test-850	True	False
test-851	True	False
test-852	True	False
test-853	True	False
test-854	True	False
test-855	True	False
test-856	True	False
test-857	True	False
test-858	True	False
test-859	True	False
test-860	True	False
test-861	True	False
test-862	True	False
test-863	True	False
test-864	True	False
test-865	True	False
test-866	True	False
test-867	True	False
test-868	True	False
test-869	True	False
test-870	True	False
test-871	True	False
test-872	True	False
test-873	True	False
test-874	True	False
test-875	True	False
test-876	True	False
test-877	True	False
test-878	True	False
test-879	True	False
test-880	True	False
test-881	True	False
test-882	True	False
test-883	True	False
test-884	True	False
test-885	True	False
test-886	True	False
test-887	True	False
test-888	True	False
test-889	True	False
test-890	True	False
test-891	True	False
test-892	True	False
test-893	True	False
test-894	True	False
test-895	True	False
test-896	True	False
test-897	True	False
test-898	True	False
test-899	True	False
test-900	True	False
test-901	True	False
test-902	True	False
test-903	True	False
test-904	True	False
test-905	True	False
test-906	True	False
test-907	True	False
test-908	True	False
test-909	True	False
test-910	True	False
test-911	True	False
test-912	True	False
test-913	True	False
test-914	True	False
test-915	True	False
test-916	True	False
test-917	True	False
test-918	True	False
test-919	True	False
test-920	True	False
test-921	True	False
test-922	True	False
test-923	True	False
test-924	True	False
test-925	True	False
test-926	True	False
test-927	True	False
test-928	True	False
test-929	True	False
test-930	True	False
test-931	True	False
test-932	True	False
test-933	True	False
test-934	True	False
test-935	True	False
test-936	True	False
test-937	True	False
test-938	True	False
test-939	True	False
test-940	True	False
test-941	True	False
test-942	True	False
test-943	True	False
test-944	True	False
test-945	True	False
test-946	True	False
test-947	True	False
test-948	True	False
test-949	True	False
test-950	True	False
test-951	True	False
test-952	True	False
test-953	True	False
test-954	True	False
test-955	True	False
test-956	True	False
test-957	True	False
test-958	True	False
test-959	True	False
test-960	True	False
test-961	True	False
test-962	True	False
test-963	True	False
test-964	True	False
test-965	True	False
test-966	True	False
test-967	True	False
test-968	True	False
test-969	True	False
test-970	True	False
test-971	True	False
test-972	True	False
test-973	True	False
test-974	True	False
test-975	True	False
test-976	True	False
test-977	True	False
test-978	True	False
test-979	True	False
test-980	True	False
test-981	True	False
test-982	True	False
test-983	True	False
test-984	True	False
test-985	True	False
test-986	True	False
test-987	True	False
test-988	True	False
test-989	True	False
test-990	True	False
test-991	True	False
test-992	True	False
test-993	True	False
test-994	True	False
test-995	True	False
test-996	True	False
test-997	True	False
test-998	True	False
test-999	True	False
test-1000	True	False
test-1001	True	False
test-1002	True	False
test-1003	True	False
test-1004	True	False
test-1005	True	False
test-1006	True	False
test-1007	True	False
test-1008	True	False
test-1009	True	False
test-1010	True	False
test-1011	True	False
test-1012	True	False
test-1013	True	False
test-1014	True	False
test-1015	True	False
test-1016	True	False
test-1017	True	False
test-1018	True	False
test-1019	True	False
test-1020	True	False
test-1021	True	False
test-1022	True	False
test-1023	True	False
test-1024	True	False
test-1025	True	False
test-1026	True	False
test-1027	True	False
test-1028	True	False
test-1029	True	False
test-1030	True	False
test-1031	True	False
test-1032	True	False
test-1033	True	False
test-1034	True	False
test-1035	True	False
test-1036	True	False
test-1037	True	False
test-1038	True	False
test-1039	True	False
test-1040	True	False
test-1041	True	False
test-1042	True	False
test-1043	True	False
test-1044	True	False
test-1045	True	False
test-1046	True	False
test-1047	True	False
test-1048	True	False
test-1049	True	False
test-1050	True	False
test-1051	True	False
test-1052	True	False
test-1053	True	False
test-1054	True	False
test-1055	True	False
test-1056	True	False
test-1057	True	False
test-1058	True	False
test-1059	True	False
test-1060	True	False
test-1061	True	False
test-1062	True	False
test-1063	True	False
test-1064	True	False
test-1065	True	False
test-1066	True	False
test-1067	True	False
test-1068	True	False
test-1069	True	False
test-1070	True	False
test-1071	True	False
test-1072	True	False
test-1073	True	False
test-1074	True	False
test-1075	True	False
test-1076	True	False
test-1077	True	False
test-1078	True	False
test-1079	True	False
test-1080	True	False
test-1081	True	False
test-1082	True	False
test-1083	True	False
test-1084	True	False
test-1085	True	False
test-1086	True	False
test-1087	True	False
test-1088	True	False
test-1089	True	False
test-1090	True	False
test-1091	True	False
test-1092	True	False
test-1093	True	False
test-1094	True	False
test-1095	True	False
test-1096	True	False
test-1097	True	False
test-1098	True	False
test-1099	True	False
test-1100	True	False
test-1101	True	False
test-1102	True	False
test-1103	True	False
test-1104	True	False
test-1105	True	False
test-1106	True	False
test-1107	True	False
test-1108	True	False
test-1109	True	False
test-1110	True	False
test-1111	True	False
test-1112	True	False
test-1113	True	False
test-1114	True	False
test-1115	True	False
test-1116	True	False
test-1117	True	False
test-1118	True	False
test-1119	True	False
test-1120	True	False
test-1121	True	False
test-1122	True	False
test-1123	True	False
test-1124	True	False
test-1125	True	False
test-1126	True	False
test-1127	True	False
test-1128	True	False
test-1129	True	False
test-1130	True	False
test-1131	True	False
test-1132	True	False
test-1133	True	False
test-1134	True	False
test-1135	True	False
test-1136	True	False
test-1137	True	False
test-1138	True	False
test-1139	True	False
test-1140	True	False
test-1141	True	False
test-1142	True	False
test-1143	True	False
test-1144	True	False
test-1145	True	False
test-1146	True	False
test-1147	True	False
test-1148	True	False
test-1149	True	False
test-1150	True	False
test-1151	True	False
test-1152	True	False
test-1153	True	False
test-1154	True	False
test-1155	True	False
test-1156	True	False
test-1157	True	False
test-1158	True	False
test-1159	True	False
test-1160	True	False
test-1161	True	False
test-1162	True	False
test-1163	True	False
test-1164	True	False
test-1165	True	False
test-1166	True	False
test-1167	True	False
test-1168	True	False
test-1169	True	False
test-1170	True	False
test-1171	True	False
test-1172	True	False
test-1173	True	False
test-1174	True	False
test-1175	True	False
test-1176	True	False
test-1177	True	False
test-1178	True	False
test-1179	True	False
test-1180	True	False
test-1181	True	False
test-1182	True	False
test-1183	True	False
test-1184	True	False
test-1185	True	False
test-1186	True	False
test-1187	True	False
test-1188	True	False
test-1189	True	False
test-1190	True	False
test-1191	True	False
test-1192	True	False
test-1193	True	False
test-1194	True	False
test-1195	True	False
test-1196	True	False
test-1197	True	False
test-1198	True	False
test-1199	True	False
test-1200	True	False
test-1201	True	False
test-1202	True	False
test-1203	True	False
test-1204	True	False
test-1205	True	False
test-1206	True	False
test-1207	True	False
test-1208	True	False
test-1209	True	False
test-1210	True	False
test-1211	True	False
test-1212	True	False
test-1213	True	False
test-1214	True	False
test-1215	True	False
test-1216	True	False
test-1217	True	False
test-1218	True	False
test-1219	True	False
test-1220	True	False
test-1221	True	False
test-1222	True	False
test-1223	True	False
test-1224	True	False
test-1225	True	False
test-1226	True	False
test-1227	True	False
test-1228	True	False
test-1229	True	False
test-1230	True	False
test-1231	True	False
test-1232	True	False
test-1233	True	False
test-1234	True	False
test-1235	True	False
test-1236	True	False
test-1237	True	False
test-1238	True	False
test-1239	True	False
test-1240	True	False
test-1241	True	False
test-1242	True	False
test-1243	True	False
test-1244	True	False
test-1245	True	False
test-1246	True	False
test-1247	True	False
test-1248	True	False
test-1249	True	False
test-1250	True	False
test-1251	True	False
test-1252	True	False
test-1253	True	False
test-1254	True	False
test-1255	True	False
test-1256	True	False
test-1257	True	False
test-1258	True	False
test-1259	True	False
test-1260	True	False
test-1261	True	False
test-1262	True	False
test-1263	True	False
test-1264	True	False
test-1265	True	False
test-1266	True	False
test-1267	True	False
test-1268	True	False
test-1269	True	False
test-1270	True	False
test-1271	True	False
test-1272	True	False
test-1273	True	False
test-1274	True	False
test-1275	True	False
test-1276	True	False
test-1277	True	False
test-1278	True	False
test-1279	True	False
test-1280	True	False
test-1281	True	False
test-1282	True	False
test-1283	True	False
test-1284	True	False
test-1285	True	False
test-1286	True	False
test-1287	True	False
test-1288	True	False
test-1289	True	False
test-1290	True	False
test-1291	True	False
test-1292	True	False
test-1293	True	False
test-1294	True	False
test-1295	True	False
test-1296	True	False
test-1297	True	False
test-1298	True	False
test-1299	True	False
test-1300	True	False
test-1301	True	False
test-1302	True	False
test-1303	True	False
test-1304	True	False
test-1305	True	False
test-1306	True	False
test-1307	True	False
test-1308	True	False
test-1309	True	False
test-1310	True	False
test-1311	True	False
test-1312	True	False
test-1313	True	False
test-1314	True	False
test-1315	True	False
test-1316	True	False
test-1317	True	False
test-1318	True	False
test-1319	True	False
test-1320	True	False
test-1321	True	False
test-1322	True	False
test-1323	True	False
test-1324	True	False
test-1325	True	False
test-1326	True	False
test-1327	True	False
test-1328	True	False
test-1329	True	False
test-1330	True	False
test-1331	True	False
test-1332	True	False
test-1333	True	False
test-1334	True	False
test-1335	True	False
test-1336	True	False
test-1337	True	False
test-1338	True	False
test-1339	True	False
test-1340	True	False
test-1341	True	False
test-1342	True	False
test-1343	True	False
test-1344	True	False
test-1345	True	False
test-1346	True	False
test-1347	True	False
test-1348	True	False
test-1349	True	False
test-1350	True	False
test-1351	True	False
test-1352	True	False
test-1353	True	False
test-1354	True	False
test-1355	True	False
test-1356	True	False
test-1357	True	False
test-1358	True	False
test-1359	True	False
test-1360	True	False
test-1361	True	False
test-1362	True	False
test-1363	True	False
test-1364	True	False
test-1365	True	False
test-1366	True	False
test-1367	True	False
test-1368	True	False
test-1369	True	False
test-1370	True	False
test-1371	True	False
test-1372	True	False
test-1373	True	False
test-1374	True	False
test-1375	True	False
test-1376	True	False
test-1377	True	False
test-1378	True	False
test-1379	True	False
test-1380	True	False
test-1381	True	False
test-1382	True	False
test-1383	True	False
test-1384	True	False
test-1385	True	False
test-1386	True	False
test-1387	True	False
test-1388	True	False
test-1389	True	False
test-1390	True	False
test-1391	True	False
test-1392	True	False
test-1393	True	False
test-1394	True	False
test-1395	True	False
test-1396	True	False
test-1397	True	False
test-1398	True	False
test-1399	True	False
test-1400	True	False
test-1401	True	False
test-1402	True	False
test-1403	True	False
test-1404	True	False
test-1405	True	False
test-1406	True	False
test-1407	True	False
test-1408	True	False
test-1409	True	False
test-1410	True	False
test-1411	True	False
test-1412	True	False
test-1413	True	False
test-1414	True	False
test-1415	True	False
test-1416	True	False
test-1417	True	False
test-1418	True	False
test-1419	True	False
test-1420	True	False
test-1421	True	False
test-1422	True	False
test-1423	True	False
test-1424	True	False
test-1425	True	False
test-1426	True	False
test-1427	True	False
test-1428	True	False
test-1429	True	False
test-1430	True	False
test-1431	True	False
test-1432	True	False
test-1433	True	False
test-1434	True	False
test-1435	True	False
test-1436	True	False
test-1437	True	False
test-1438	True	False
test-1439	True	False
test-1440	True	False
test-1441	True	False
test-1442	True	False
test-1443	True	False
test-1444	True	False
test-1445	True	False
test-1446	True	False
test-1447	True	False
test-1448	True	False
test-1449	True	False
test-1450	True	False
test-1451	True	False
test-1452	True	False
test-1453	True	False
test-1454	True	False
test-1455	True	False
test-1456	True	False
test-1457	True	False
test-1458	True	False
test-1459	True	False
test-1460	True	False
test-1461	True	False
test-1462	True	False
test-1463	True	False
test-1464	True	False
test-1465	True	False
test-1466	True	False
test-1467	True	False
test-1468	True	False
test-1469	True	False
test-1470	True	False
test-1471	True	False
test-1472	True	False
test-1473	True	False
test-1474	True	False
test-1475	True	False
test-1476	True	False
test-1477	True	False
test-1478	True	False
test-1479	True	False
test-1480	True	False
test-1481	True	False
test-1482	True	False
test-1483	True	False
test-1484	True	False
test-1485	True	False
test-1486	True	False
test-1487	True	False
test-1488	True	False
test-1489	True	False
test-1490	True	False
test-1491	True	False
test-1492	True	False
test-1493	True	False
test-1494	True	False
test-1495	True	False
test-1496	True	False
test-1497	True	False
test-1498	True	False
test-1499	True	False
test-1500	True	False
test-1501	True	False
test-1502	True	False
test-1503	True	False
test-1504	True	False
test-1505	True	False
test-1506	True	False
test-1507	True	False
test-1508	True	False
test-1509	True	False
test-1510	True	False
test-1511	True	False
test-1512	True	False
test-1513	True	False
test-1514	True	False
test-1515	True	False
test-1516	True	False
test-1517	True	False
test-1518	True	False
test-1519	True	False
test-1520	True	False
test-1521	True	False
test-1522	True	False
test-1523	True	False
test-1524	True	False
test-1525	True	False
test-1526	True	False
test-1527	True	False
test-1528	True	False
test-1529	True	False
test-1530	True	False
test-1531	True	False
test-1532	True	False
test-1533	True	False
test-1534	True	False
test-1535	True	False
test-1536	True	False
test-1537	True	False
test-1538	True	False
test-1539	True	False
test-1540	True	False
test-1541	True	False
test-1542	True	False
test-1543	True	False
test-1544	True	False
test-1545	True	False
test-1546	True	False
test-1547	True	False
test-1548	True	False
test-1549	True	False
test-1550	True	False
test-1551	True	False
test-1552	True	False
test-1553	True	False
test-1554	True	False
test-1555	True	False
test-1556	True	False
test-1557	True	False
test-1558	True	False
test-1559	True	False
test-1560	True	False
test-1561	True	False
test-1562	True	False
test-1563	True	False
test-1564	True	False
test-1565	True	False
test-1566	True	False
test-1567	True	False
test-1568	True	False
test-1569	True	False
test-1570	True	False
test-1571	True	False
test-1572	True	False
test-1573	True	False
test-1574	True	False
test-1575	True	False
test-1576	True	False
test-1577	True	False
test-1578	True	False
test-1579	True	False
test-1580	True	False
test-1581	True	False
test-1582	True	False
test-1583	True	False
test-1584	True	False
test-1585	True	False
test-1586	True	False
test-1587	True	False
test-1588	True	False
test-1589	True	False
test-1590	True	False
test-1591	True	False
test-1592	True	False
test-1593	True	False
test-1594	True	False
test-1595	True	False
test-1596	True	False
test-1597	True	False
test-1598	True	False
test-1599	True	False
test-1600	True	False
test-1601	True	False
test-1602	True	False
test-1603	True	False
test-1604	True	False
test-1605	True	False
test-1606	True	False
test-1607	True	False
test-1608	True	False
test-1609	True	False
test-1610	True	False
test-1611	True	False
test-1612	True	False
test-1613	True	False
test-1614	True	False
test-1615	True	False
test-1616	True	False
test-1617	True	False
test-1618	True	False
test-1619	True	False
test-1620	True	False
test-1621	True	False
test-1622	True	False
test-1623	True	False
test-1624	True	False
test-1625	True	False
test-1626	True	False
test-1627	True	False
test-1628	True	False
test-1629	True	False
test-1630	True	False
test-1631	True	False
test-1632	True	False
test-1633	True	False
test-1634	True	False
test-1635	True	False
test-1636	True	False
test-1637	True	False
test-1638	True	False
test-1639	True	False
test-1640	True	False
test-1641	True	False
test-1642	True	False
test-1643	True	False
test-1644	True	False
test-1645	True	False
test-1646	True	False
test-1647	True	False
test-1648	True	False
test-1649	True	False
test-1650	True	False
test-1651	True	False
test-1652	True	False
test-1653	True	False
test-1654	True	False
test-1655	True	False
test-1656	True	False
test-1657	True	False
test-1658	True	False
test-1659	True	False
test-1660	True	False
test-1661	True	False
test-1662	True	False
test-1663	True	False
test-1664	True	False
test-1665	True	False
test-1666	True	False
test-1667	True	False
test-1668	True	False
test-1669	True	False
test-1670	True	False
test-1671	True	False
test-1672	True	False
test-1673	True	False
test-1674	True	False
test-1675	True	False
test-1676	True	False
test-1677	True	False
test-1678	True	False
test-1679	True	False
test-1680	True	False
test-1681	True	False
test-1682	True	False
test-1683	True	False
test-1684	True	False
test-1685	True	False
test-1686	True	False
test-1687	True	False
test-1688	True	False
test-1689	True	False
test-1690	True	False
test-1691	True	False
test-1692	True	False
test-1693	True	False
test-1694	True	False
test-1695	True	False
test-1696	True	False
test-1697	True	False
test-1698	True	False
test-1699	True	False
test-1700	True	False
test-1701	True	False
test-1702	True	False
test-1703	True	False
test-1704	True	False
test-1705	True	False
test-1706	True	False
test-1707	True	False
test-1708	True	False
test-1709	True	False
test-1710	True	False
test-1711	True	False
test-1712	True	False
test-1713	True	False
test-1714	True	False
test-1715	True	False
test-1716	True	False
test-1717	True	False
test-1718	True	False
test-1719	True	False
test-1720	True	False
test-1721	True	False
test-1722	True	False
test-1723	True	False
test-1724	True	False
test-1725	True	False
test-1726	True	False
test-1727	True	False
test-1728	True	False
test-1729	True	False
test-1730	True	False
test-1731	True	False
test-1732	True	False
test-1733	True	False
test-1734	True	False
test-1735	True	False
test-1736	True	False
test-1737	True	False
test-1738	True	False
test-1739	True	False
test-1740	True	False
test-1741	True	False
test-1742	True	False
test-1743	True	False
test-1744	True	False
test-1745	True	False
test-1746	True	False
test-1747	True	False
test-1748	True	False
test-1749	True	False
test-1750	True	False
test-1751	True	False
test-1752	True	False
test-1753	True	False
test-1754	True	False
test-1755	True	False
test-1756	True	False
test-1757	True	False
test-1758	True	False
test-1759	True	False
test-1760	True	False
test-1761	True	False
test-1762	True	False
test-1763	True	False
test-1764	True	False
test-1765	True	False
test-1766	True	False
test-1767	True	False
test-1768	True	False
test-1769	True	False
test-1770	True	False
test-1771	True	False
test-1772	True	False
test-1773	True	False
test-1774	True	False
test-1775	True	False
test-1776	True	False
test-1777	True	False
test-1778	True	False
test-1779	True	False
test-1780	True	False
test-1781	True	False
test-1782	True	False
test-1783	True	False
test-1784	True	False
test-1785	True	False
test-1786	True	False
test-1787	True	False
test-1788	True	False
test-1789	True	False
test-1790	True	False
test-1791	True	False
test-1792	True	False
test-1793	True	False
test-1794	True	False
test-1795	True	False
test-1796	True	False
test-1797	True	False
test-1798	True	False
test-1799	True	False
test-1800	True	False
test-1801	True	False
test-1802	True	False
test-1803	True	False
test-1804	True	False
test-1805	True	False
test-1806	True	False
test-1807	True	False
test-1808	True	False
test-1809	True	False
test-1810	True	False
test-1811	True	False
test-1812	True	False
test-1813	True	False
test-1814	True	False
test-1815	True	False
test-1816	True	False
test-1817	True	False
test-1818	True	False
test-1819	True	False
test-1820	True	False
test-1821	True	False
test-1822	True	False
test-1823	True	False
test-1824	True	False
test-1825	True	False
test-1826	True	False
test-1827	True	False
test-1828	True	False
test-1829	True	False
test-1830	True	False
test-1831	True	False
test-1832	True	False
test-1833	True	False
test-1834	True	False
test-1835	True	False
test-1836	True	False
test-1837	True	False
test-1838	True	False
test-1839	True	False
test-1840	True	False
test-1841	True	False
test-1842	True	False
test-1843	True	False
test-1844	True	False
test-1845	True	False
test-1846	True	False
test-1847	True	False
test-1848	True	False
test-1849	True	False
test-1850	True	False
test-1851	True	False
test-1852	True	False
test-1853	True	False
test-1854	True	False
test-1855	True	False
test-1856	True	False
test-1857	True	False
test-1858	True	False
test-1859	True	False
test-1860	True	False
test-1861	True	False
test-1862	True	False
test-1863	True	False
test-1864	True	False
test-1865	True	False
test-1866	True	False
test-1867	True	False
test-1868	True	False
test-1869	True	False
test-1870	True	False
test-1871	True	False
test-1872	True	False
test-1873	True	False
test-1874	True	False
test-1875	True	False
test-1876	True	False
test-1877	True	False
test-1878	True	False
test-1879	True	False
test-1880	True	False
test-1881	True	False
test-1882	True	False
test-1883	True	False
test-1884	True	False
test-1885	True	False
test-1886	True	False
test-1887	True	False
test-1888	True	False
test-1889	True	False
test-1890	True	False
test-1891	True	False
test-1892	True	False
test-1893	True	False
test-1894	True	False
test-1895	True	False
test-1896	True	False
test-1897	True	False
test-1898	True	False
test-1899	True	False
test-1900	True	False
test-1901	True	False
test-1902	True	False
test-1903	True	False
test-1904	True	False
test-1905	True	False
test-1906	True	False
test-1907	True	False
test-1908	True	False
test-1909	True	False
test-1910	True	False
test-1911	True	False
test-1912	True	False
test-1913	True	False
test-1914	True	False
test-1915	True	False
test-1916	True	False
test-1917	True	False
test-1918	True	False
test-1919	True	False
test-1920	True	False
test-1921	True	False
test-1922	True	False
test-1923	True	False
test-1924	True	False
test-1925	True	False
test-1926	True	False
test-1927	True	False
test-1928	True	False
test-1929	True	False
test-1930	True	False
test-1931	True	False
test-1932	True	False
test-1933	True	False
test-1934	True	False
test-1935	True	False
test-1936	True	False
test-1937	True	False
test-1938	True	False
test-1939	True	False
test-1940	True	False
test-1941	True	False
test-1942	True	False
test-1943	True	False
test-1944	True	False
test-1945	True	False
test-1946	True	False
test-1947	True	False
test-1948	True	False
test-1949	True	False
test-1950	True	False
test-1951	True	False
test-1952	True	False
test-1953	True	False
test-1954	True	False
test-1955	True	False
test-1956	True	False
test-1957	True	False
test-1958	True	False
test-1959	True	False
test-1960	True	False
test-1961	True	False
test-1962	True	False
test-1963	True	False
test-1964	True	False
test-1965	True	False
test-1966	True	False
test-1967	True	False
test-1968	True	False
test-1969	True	False
test-1970	True	False
test-1971	True	False
test-1972	True	False
test-1973	True	False
test-1974	True	False
test-1975	True	False
test-1976	True	False
test-1977	True	False
test-1978	True	False
test-1979	True	False
test-1980	True	False
test-1981	True	False
test-1982	True	False
test-1983	True	False
test-1984	True	False
test-1985	True	False
test-1986	True	False
test-1987	True	False
test-1988	True	False
test-1989	True	False
test-1990	True	False
test-1991	True	False
test-1992	True	False
test-1993	True	False
test-1994	True	False
test-1995	True	False
test-1996	True	False
test-1997	True	False
test-1998	True	False
test-1999	True	False
test-2000	True	False
